SampleID	FQ1_PATH	FQ2_PATH
ERR8975501	/n/data1/hms/dbmi/farhat/rollingDB/fastq_db/ERR8975501/ERR8975501_R2.fastq.gz	/n/data1/hms/dbmi/farhat/rollingDB/fastq_db/ERR8975501/ERR8975501_R1.fastq.gz
TRL0112979	/n/data1/hms/dbmi/farhat/rollingDB/fastq_db/TRL0112979/TRL0112979_R2.fastq.gz	/n/data1/hms/dbmi/farhat/rollingDB/fastq_db/TRL0112979/TRL0112979_R1.fastq.gz
ERR8975577	/n/data1/hms/dbmi/farhat/rollingDB/fastq_db/ERR8975577/ERR8975577_R1.fastq.gz	/n/data1/hms/dbmi/farhat/rollingDB/fastq_db/ERR8975577/ERR8975577_R2.fastq.gz
ERR4828242	/n/data1/hms/dbmi/farhat/rollingDB/fastq_db/ERR4828242/ERR4828242_R2.fastq.gz	/n/data1/hms/dbmi/farhat/rollingDB/fastq_db/ERR4828242/ERR4828242_R1.fastq.gz
ERR4814048	/n/data1/hms/dbmi/farhat/rollingDB/fastq_db/ERR4814048/ERR4814048_R2.fastq.gz	/n/data1/hms/dbmi/farhat/rollingDB/fastq_db/ERR4814048/ERR4814048_R1.fastq.gz
1479159825672T-15097-14_lib3637_nextseq_n0009_151bp	/n/data1/hms/dbmi/farhat/rollingDB/fastq_db/1479159825672T-15097-14_lib3637_nextseq_n0009_151bp/1479159825672T-15097-14_lib3637_nextseq_n0009_151bp_R1.fastq.gz	/n/data1/hms/dbmi/farhat/rollingDB/fastq_db/1479159825672T-15097-14_lib3637_nextseq_n0009_151bp/1479159825672T-15097-14_lib3637_nextseq_n0009_151bp_R2.fastq.gz
ERR4831599	/n/data1/hms/dbmi/farhat/rollingDB/fastq_db/ERR4831599/ERR4831599_R2.fastq.gz	/n/data1/hms/dbmi/farhat/rollingDB/fastq_db/ERR4831599/ERR4831599_R1.fastq.gz
ERR4811388	/n/data1/hms/dbmi/farhat/rollingDB/fastq_db/ERR4811388/ERR4811388_R1.fastq.gz	/n/data1/hms/dbmi/farhat/rollingDB/fastq_db/ERR4811388/ERR4811388_R2.fastq.gz
ERR8975615	/n/data1/hms/dbmi/farhat/rollingDB/fastq_db/ERR8975615/ERR8975615_R2.fastq.gz	/n/data1/hms/dbmi/farhat/rollingDB/fastq_db/ERR8975615/ERR8975615_R1.fastq.gz
ERR4829910	/n/data1/hms/dbmi/farhat/rollingDB/fastq_db/ERR4829910/ERR4829910_R1.fastq.gz	/n/data1/hms/dbmi/farhat/rollingDB/fastq_db/ERR4829910/ERR4829910_R2.fastq.gz
ERR4813547	/n/data1/hms/dbmi/farhat/rollingDB/fastq_db/ERR4813547/ERR4813547_R2.fastq.gz	/n/data1/hms/dbmi/farhat/rollingDB/fastq_db/ERR4813547/ERR4813547_R1.fastq.gz
ERR4810948	/n/data1/hms/dbmi/farhat/rollingDB/fastq_db/ERR4810948/ERR4810948_R2.fastq.gz	/n/data1/hms/dbmi/farhat/rollingDB/fastq_db/ERR4810948/ERR4810948_R1.fastq.gz
ERR4796899	/n/data1/hms/dbmi/farhat/rollingDB/fastq_db/ERR4796899/ERR4796899_R2.fastq.gz	/n/data1/hms/dbmi/farhat/rollingDB/fastq_db/ERR4796899/ERR4796899_R1.fastq.gz
ERR400464	/n/data1/hms/dbmi/farhat/rollingDB/fastq_db/ERR400464/ERR400464_R2.fastq.gz	/n/data1/hms/dbmi/farhat/rollingDB/fastq_db/ERR400464/ERR400464_R1.fastq.gz
ERR4813896	/n/data1/hms/dbmi/farhat/rollingDB/fastq_db/ERR4813896/ERR4813896_R1.fastq.gz	/n/data1/hms/dbmi/farhat/rollingDB/fastq_db/ERR4813896/ERR4813896_R2.fastq.gz
ERR4797220	/n/data1/hms/dbmi/farhat/rollingDB/fastq_db/ERR4797220/ERR4797220_R1.fastq.gz	/n/data1/hms/dbmi/farhat/rollingDB/fastq_db/ERR4797220/ERR4797220_R2.fastq.gz
TDR_023	/n/data1/hms/dbmi/farhat/rollingDB/fastq_db/TDR_023/TDR_023_R2.fastq.gz	/n/data1/hms/dbmi/farhat/rollingDB/fastq_db/TDR_023/TDR_023_R1.fastq.gz
Peru3417	/n/data1/hms/dbmi/farhat/rollingDB/fastq_db/Peru3417/Peru3417_R1.fastq.gz	/n/data1/hms/dbmi/farhat/rollingDB/fastq_db/Peru3417/Peru3417_R2.fastq.gz
ERR5917719	/n/data1/hms/dbmi/farhat/rollingDB/fastq_db/ERR5917719/ERR5917719_R1.fastq.gz	/n/data1/hms/dbmi/farhat/rollingDB/fastq_db/ERR5917719/ERR5917719_R2.fastq.gz
ERR8699841	/n/data1/hms/dbmi/farhat/rollingDB/fastq_db/ERR8699841/ERR8699841_R1.fastq.gz	/n/data1/hms/dbmi/farhat/rollingDB/fastq_db/ERR8699841/ERR8699841_R2.fastq.gz
ERR4811721	/n/data1/hms/dbmi/farhat/rollingDB/fastq_db/ERR4811721/ERR4811721_R2.fastq.gz	/n/data1/hms/dbmi/farhat/rollingDB/fastq_db/ERR4811721/ERR4811721_R1.fastq.gz
ERR1352353	/n/data1/hms/dbmi/farhat/rollingDB/fastq_db/ERR1352353/ERR1352353_R2.fastq.gz	/n/data1/hms/dbmi/farhat/rollingDB/fastq_db/ERR1352353/ERR1352353_R1.fastq.gz
ERR4809079	/n/data1/hms/dbmi/farhat/rollingDB/fastq_db/ERR4809079/ERR4809079_R2.fastq.gz	/n/data1/hms/dbmi/farhat/rollingDB/fastq_db/ERR4809079/ERR4809079_R1.fastq.gz
ERR4828300	/n/data1/hms/dbmi/farhat/rollingDB/fastq_db/ERR4828300/ERR4828300_R1.fastq.gz	/n/data1/hms/dbmi/farhat/rollingDB/fastq_db/ERR4828300/ERR4828300_R2.fastq.gz
SRR2101560	/n/data1/hms/dbmi/farhat/rollingDB/fastq_db/SRR2101560/SRR2101560_R2.fastq.gz	/n/data1/hms/dbmi/farhat/rollingDB/fastq_db/SRR2101560/SRR2101560_R1.fastq.gz
Peru4549	/n/data1/hms/dbmi/farhat/rollingDB/fastq_db/Peru4549/Peru4549_R2.fastq.gz	/n/data1/hms/dbmi/farhat/rollingDB/fastq_db/Peru4549/Peru4549_R1.fastq.gz
ERR4811946	/n/data1/hms/dbmi/farhat/rollingDB/fastq_db/ERR4811946/ERR4811946_R1.fastq.gz	/n/data1/hms/dbmi/farhat/rollingDB/fastq_db/ERR4811946/ERR4811946_R2.fastq.gz
IDR1500009607	/n/data1/hms/dbmi/farhat/rollingDB/fastq_db/IDR1500009607/IDR1500009607_R1.fastq.gz	/n/data1/hms/dbmi/farhat/rollingDB/fastq_db/IDR1500009607/IDR1500009607_R2.fastq.gz
ERR4797070	/n/data1/hms/dbmi/farhat/rollingDB/fastq_db/ERR4797070/ERR4797070_R1.fastq.gz	/n/data1/hms/dbmi/farhat/rollingDB/fastq_db/ERR4797070/ERR4797070_R2.fastq.gz
SRR1140718	/n/data1/hms/dbmi/farhat/rollingDB/fastq_db/SRR1140718/SRR1140718_R2.fastq.gz	/n/data1/hms/dbmi/farhat/rollingDB/fastq_db/SRR1140718/SRR1140718_R1.fastq.gz
ERR8975071	/n/data1/hms/dbmi/farhat/rollingDB/fastq_db/ERR8975071/ERR8975071_R1.fastq.gz	/n/data1/hms/dbmi/farhat/rollingDB/fastq_db/ERR8975071/ERR8975071_R2.fastq.gz
ERR4822443	/n/data1/hms/dbmi/farhat/rollingDB/fastq_db/ERR4822443/ERR4822443_R1.fastq.gz	/n/data1/hms/dbmi/farhat/rollingDB/fastq_db/ERR4822443/ERR4822443_R2.fastq.gz
Peru3313	/n/data1/hms/dbmi/farhat/rollingDB/fastq_db/Peru3313/Peru3313_R1.fastq.gz	/n/data1/hms/dbmi/farhat/rollingDB/fastq_db/Peru3313/Peru3313_R2.fastq.gz
ERR4810591	/n/data1/hms/dbmi/farhat/rollingDB/fastq_db/ERR4810591/ERR4810591_R2.fastq.gz	/n/data1/hms/dbmi/farhat/rollingDB/fastq_db/ERR4810591/ERR4810591_R1.fastq.gz
Peru4092	/n/data1/hms/dbmi/farhat/rollingDB/fastq_db/Peru4092/Peru4092_R2.fastq.gz	/n/data1/hms/dbmi/farhat/rollingDB/fastq_db/Peru4092/Peru4092_R1.fastq.gz
C309	/n/data1/hms/dbmi/farhat/rollingDB/fastq_db/C309/C309_R1.fastq.gz	/n/data1/hms/dbmi/farhat/rollingDB/fastq_db/C309/C309_R2.fastq.gz
TN18460	/n/data1/hms/dbmi/farhat/rollingDB/fastq_db/TN18460/TN18460_R1.fastq.gz	/n/data1/hms/dbmi/farhat/rollingDB/fastq_db/TN18460/TN18460_R2.fastq.gz
PE186_S7	/n/data1/hms/dbmi/farhat/rollingDB/fastq_db/PE186_S7/PE186_S7_R2.fastq.gz	/n/data1/hms/dbmi/farhat/rollingDB/fastq_db/PE186_S7/PE186_S7_R1.fastq.gz
ERR2184207	/n/data1/hms/dbmi/farhat/rollingDB/fastq_db/ERR2184207/ERR2184207_R1.fastq.gz	/n/data1/hms/dbmi/farhat/rollingDB/fastq_db/ERR2184207/ERR2184207_R2.fastq.gz
ERR4814096	/n/data1/hms/dbmi/farhat/rollingDB/fastq_db/ERR4814096/ERR4814096_R1.fastq.gz	/n/data1/hms/dbmi/farhat/rollingDB/fastq_db/ERR4814096/ERR4814096_R2.fastq.gz
ERR4831829	/n/data1/hms/dbmi/farhat/rollingDB/fastq_db/ERR4831829/ERR4831829_R2.fastq.gz	/n/data1/hms/dbmi/farhat/rollingDB/fastq_db/ERR4831829/ERR4831829_R1.fastq.gz
ERR4829119	/n/data1/hms/dbmi/farhat/rollingDB/fastq_db/ERR4829119/ERR4829119_R2.fastq.gz	/n/data1/hms/dbmi/farhat/rollingDB/fastq_db/ERR4829119/ERR4829119_R1.fastq.gz
ERR4812692	/n/data1/hms/dbmi/farhat/rollingDB/fastq_db/ERR4812692/ERR4812692_R1.fastq.gz	/n/data1/hms/dbmi/farhat/rollingDB/fastq_db/ERR4812692/ERR4812692_R2.fastq.gz
ERR4812849	/n/data1/hms/dbmi/farhat/rollingDB/fastq_db/ERR4812849/ERR4812849_R1.fastq.gz	/n/data1/hms/dbmi/farhat/rollingDB/fastq_db/ERR4812849/ERR4812849_R2.fastq.gz
ERR8976097	/n/data1/hms/dbmi/farhat/rollingDB/fastq_db/ERR8976097/ERR8976097_R1.fastq.gz	/n/data1/hms/dbmi/farhat/rollingDB/fastq_db/ERR8976097/ERR8976097_R2.fastq.gz
SRR2101667	/n/data1/hms/dbmi/farhat/rollingDB/fastq_db/SRR2101667/SRR2101667_R1.fastq.gz	/n/data1/hms/dbmi/farhat/rollingDB/fastq_db/SRR2101667/SRR2101667_R2.fastq.gz
ERR4797415	/n/data1/hms/dbmi/farhat/rollingDB/fastq_db/ERR4797415/ERR4797415_R1.fastq.gz	/n/data1/hms/dbmi/farhat/rollingDB/fastq_db/ERR4797415/ERR4797415_R2.fastq.gz
ERR4813792	/n/data1/hms/dbmi/farhat/rollingDB/fastq_db/ERR4813792/ERR4813792_R2.fastq.gz	/n/data1/hms/dbmi/farhat/rollingDB/fastq_db/ERR4813792/ERR4813792_R1.fastq.gz
ERR2510677	/n/data1/hms/dbmi/farhat/rollingDB/fastq_db/ERR2510677/ERR2510677_R2.fastq.gz	/n/data1/hms/dbmi/farhat/rollingDB/fastq_db/ERR2510677/ERR2510677_R1.fastq.gz
ERR4831653	/n/data1/hms/dbmi/farhat/rollingDB/fastq_db/ERR4831653/ERR4831653_R1.fastq.gz	/n/data1/hms/dbmi/farhat/rollingDB/fastq_db/ERR4831653/ERR4831653_R2.fastq.gz
ERR4796340	/n/data1/hms/dbmi/farhat/rollingDB/fastq_db/ERR4796340/ERR4796340_R1.fastq.gz	/n/data1/hms/dbmi/farhat/rollingDB/fastq_db/ERR4796340/ERR4796340_R2.fastq.gz
SRR2101449	/n/data1/hms/dbmi/farhat/rollingDB/fastq_db/SRR2101449/SRR2101449_R2.fastq.gz	/n/data1/hms/dbmi/farhat/rollingDB/fastq_db/SRR2101449/SRR2101449_R1.fastq.gz
ERR8975085	/n/data1/hms/dbmi/farhat/rollingDB/fastq_db/ERR8975085/ERR8975085_R1.fastq.gz	/n/data1/hms/dbmi/farhat/rollingDB/fastq_db/ERR8975085/ERR8975085_R2.fastq.gz
ERR8975468	/n/data1/hms/dbmi/farhat/rollingDB/fastq_db/ERR8975468/ERR8975468_R2.fastq.gz	/n/data1/hms/dbmi/farhat/rollingDB/fastq_db/ERR8975468/ERR8975468_R1.fastq.gz
JC00272049	/n/data1/hms/dbmi/farhat/rollingDB/fastq_db/JC00272049/JC00272049_R2.fastq.gz	/n/data1/hms/dbmi/farhat/rollingDB/fastq_db/JC00272049/JC00272049_R1.fastq.gz
ERR046928	/n/data1/hms/dbmi/farhat/rollingDB/fastq_db/ERR046928/ERR046928_R2.fastq.gz	/n/data1/hms/dbmi/farhat/rollingDB/fastq_db/ERR046928/ERR046928_R1.fastq.gz
ERR2510451	/n/data1/hms/dbmi/farhat/rollingDB/fastq_db/ERR2510451/ERR2510451_R2.fastq.gz	/n/data1/hms/dbmi/farhat/rollingDB/fastq_db/ERR2510451/ERR2510451_R1.fastq.gz
SRR2100840	/n/data1/hms/dbmi/farhat/rollingDB/fastq_db/SRR2100840/SRR2100840_R2.fastq.gz	/n/data1/hms/dbmi/farhat/rollingDB/fastq_db/SRR2100840/SRR2100840_R1.fastq.gz
ERR4810977	/n/data1/hms/dbmi/farhat/rollingDB/fastq_db/ERR4810977/ERR4810977_R2.fastq.gz	/n/data1/hms/dbmi/farhat/rollingDB/fastq_db/ERR4810977/ERR4810977_R1.fastq.gz
KOR-K2016-0095	/n/data1/hms/dbmi/farhat/rollingDB/fastq_db/KOR-K2016-0095/KOR-K2016-0095_R1.fastq.gz	/n/data1/hms/dbmi/farhat/rollingDB/fastq_db/KOR-K2016-0095/KOR-K2016-0095_R2.fastq.gz
ERR4822382	/n/data1/hms/dbmi/farhat/rollingDB/fastq_db/ERR4822382/ERR4822382_R2.fastq.gz	/n/data1/hms/dbmi/farhat/rollingDB/fastq_db/ERR4822382/ERR4822382_R1.fastq.gz
QH00201945	/n/data1/hms/dbmi/farhat/rollingDB/fastq_db/QH00201945/QH00201945_R2.fastq.gz	/n/data1/hms/dbmi/farhat/rollingDB/fastq_db/QH00201945/QH00201945_R1.fastq.gz
SRR2101191	/n/data1/hms/dbmi/farhat/rollingDB/fastq_db/SRR2101191/SRR2101191_R2.fastq.gz	/n/data1/hms/dbmi/farhat/rollingDB/fastq_db/SRR2101191/SRR2101191_R1.fastq.gz
ERR4829475	/n/data1/hms/dbmi/farhat/rollingDB/fastq_db/ERR4829475/ERR4829475_R2.fastq.gz	/n/data1/hms/dbmi/farhat/rollingDB/fastq_db/ERR4829475/ERR4829475_R1.fastq.gz
ERR4796892	/n/data1/hms/dbmi/farhat/rollingDB/fastq_db/ERR4796892/ERR4796892_R1.fastq.gz	/n/data1/hms/dbmi/farhat/rollingDB/fastq_db/ERR4796892/ERR4796892_R2.fastq.gz
ERR4810595	/n/data1/hms/dbmi/farhat/rollingDB/fastq_db/ERR4810595/ERR4810595_R2.fastq.gz	/n/data1/hms/dbmi/farhat/rollingDB/fastq_db/ERR4810595/ERR4810595_R1.fastq.gz
ERR2510375	/n/data1/hms/dbmi/farhat/rollingDB/fastq_db/ERR2510375/ERR2510375_R2.fastq.gz	/n/data1/hms/dbmi/farhat/rollingDB/fastq_db/ERR2510375/ERR2510375_R1.fastq.gz
02-R1140	/n/data1/hms/dbmi/farhat/rollingDB/fastq_db/02-R1140/02-R1140_R2.fastq.gz	/n/data1/hms/dbmi/farhat/rollingDB/fastq_db/02-R1140/02-R1140_R1.fastq.gz
ERR4822603	/n/data1/hms/dbmi/farhat/rollingDB/fastq_db/ERR4822603/ERR4822603_R2.fastq.gz	/n/data1/hms/dbmi/farhat/rollingDB/fastq_db/ERR4822603/ERR4822603_R1.fastq.gz
ERR4813777	/n/data1/hms/dbmi/farhat/rollingDB/fastq_db/ERR4813777/ERR4813777_R1.fastq.gz	/n/data1/hms/dbmi/farhat/rollingDB/fastq_db/ERR4813777/ERR4813777_R2.fastq.gz
SRR2100893	/n/data1/hms/dbmi/farhat/rollingDB/fastq_db/SRR2100893/SRR2100893_R1.fastq.gz	/n/data1/hms/dbmi/farhat/rollingDB/fastq_db/SRR2100893/SRR2100893_R2.fastq.gz
PJ00572527	/n/data1/hms/dbmi/farhat/rollingDB/fastq_db/PJ00572527/PJ00572527_R2.fastq.gz	/n/data1/hms/dbmi/farhat/rollingDB/fastq_db/PJ00572527/PJ00572527_R1.fastq.gz
ERR5918126	/n/data1/hms/dbmi/farhat/rollingDB/fastq_db/ERR5918126/ERR5918126_R2.fastq.gz	/n/data1/hms/dbmi/farhat/rollingDB/fastq_db/ERR5918126/ERR5918126_R1.fastq.gz
ERR4813927	/n/data1/hms/dbmi/farhat/rollingDB/fastq_db/ERR4813927/ERR4813927_R1.fastq.gz	/n/data1/hms/dbmi/farhat/rollingDB/fastq_db/ERR4813927/ERR4813927_R2.fastq.gz
ERR4811189	/n/data1/hms/dbmi/farhat/rollingDB/fastq_db/ERR4811189/ERR4811189_R1.fastq.gz	/n/data1/hms/dbmi/farhat/rollingDB/fastq_db/ERR4811189/ERR4811189_R2.fastq.gz
S0259-01_S12	/n/data1/hms/dbmi/farhat/rollingDB/fastq_db/S0259-01_S12/S0259-01_S12_R2.fastq.gz	/n/data1/hms/dbmi/farhat/rollingDB/fastq_db/S0259-01_S12/S0259-01_S12_R1.fastq.gz
ERR4796740	/n/data1/hms/dbmi/farhat/rollingDB/fastq_db/ERR4796740/ERR4796740_R1.fastq.gz	/n/data1/hms/dbmi/farhat/rollingDB/fastq_db/ERR4796740/ERR4796740_R2.fastq.gz
ERR4812262	/n/data1/hms/dbmi/farhat/rollingDB/fastq_db/ERR4812262/ERR4812262_R2.fastq.gz	/n/data1/hms/dbmi/farhat/rollingDB/fastq_db/ERR4812262/ERR4812262_R1.fastq.gz
ERR8699775	/n/data1/hms/dbmi/farhat/rollingDB/fastq_db/ERR8699775/ERR8699775_R1.fastq.gz	/n/data1/hms/dbmi/farhat/rollingDB/fastq_db/ERR8699775/ERR8699775_R2.fastq.gz
ERR502317	/n/data1/hms/dbmi/farhat/rollingDB/fastq_db/ERR502317/ERR502317_R2.fastq.gz	/n/data1/hms/dbmi/farhat/rollingDB/fastq_db/ERR502317/ERR502317_R1.fastq.gz
TDR_180_S135_L002	/n/data1/hms/dbmi/farhat/rollingDB/fastq_db/TDR_180_S135_L002/TDR_180_S135_L002_R1.fastq.gz	/n/data1/hms/dbmi/farhat/rollingDB/fastq_db/TDR_180_S135_L002/TDR_180_S135_L002_R2.fastq.gz
ERR4813044	/n/data1/hms/dbmi/farhat/rollingDB/fastq_db/ERR4813044/ERR4813044_R2.fastq.gz	/n/data1/hms/dbmi/farhat/rollingDB/fastq_db/ERR4813044/ERR4813044_R1.fastq.gz
ERR182020	/n/data1/hms/dbmi/farhat/rollingDB/fastq_db/ERR182020/ERR182020_R1.fastq.gz	/n/data1/hms/dbmi/farhat/rollingDB/fastq_db/ERR182020/ERR182020_R2.fastq.gz
ERR3287880	/n/data1/hms/dbmi/farhat/rollingDB/fastq_db/ERR3287880/ERR3287880_R2.fastq.gz	/n/data1/hms/dbmi/farhat/rollingDB/fastq_db/ERR3287880/ERR3287880_R1.fastq.gz
ERR4813073	/n/data1/hms/dbmi/farhat/rollingDB/fastq_db/ERR4813073/ERR4813073_R2.fastq.gz	/n/data1/hms/dbmi/farhat/rollingDB/fastq_db/ERR4813073/ERR4813073_R1.fastq.gz
ERR8686172	/n/data1/hms/dbmi/farhat/rollingDB/fastq_db/ERR8686172/ERR8686172_R1.fastq.gz	/n/data1/hms/dbmi/farhat/rollingDB/fastq_db/ERR8686172/ERR8686172_R2.fastq.gz
ERR5917668	/n/data1/hms/dbmi/farhat/rollingDB/fastq_db/ERR5917668/ERR5917668_R2.fastq.gz	/n/data1/hms/dbmi/farhat/rollingDB/fastq_db/ERR5917668/ERR5917668_R1.fastq.gz
ERR4828238	/n/data1/hms/dbmi/farhat/rollingDB/fastq_db/ERR4828238/ERR4828238_R1.fastq.gz	/n/data1/hms/dbmi/farhat/rollingDB/fastq_db/ERR4828238/ERR4828238_R2.fastq.gz
ERR8665666	/n/data1/hms/dbmi/farhat/rollingDB/fastq_db/ERR8665666/ERR8665666_R1.fastq.gz	/n/data1/hms/dbmi/farhat/rollingDB/fastq_db/ERR8665666/ERR8665666_R2.fastq.gz
ERR4813430	/n/data1/hms/dbmi/farhat/rollingDB/fastq_db/ERR4813430/ERR4813430_R1.fastq.gz	/n/data1/hms/dbmi/farhat/rollingDB/fastq_db/ERR4813430/ERR4813430_R2.fastq.gz
ERR4797546	/n/data1/hms/dbmi/farhat/rollingDB/fastq_db/ERR4797546/ERR4797546_R2.fastq.gz	/n/data1/hms/dbmi/farhat/rollingDB/fastq_db/ERR4797546/ERR4797546_R1.fastq.gz
ERR4828484	/n/data1/hms/dbmi/farhat/rollingDB/fastq_db/ERR4828484/ERR4828484_R2.fastq.gz	/n/data1/hms/dbmi/farhat/rollingDB/fastq_db/ERR4828484/ERR4828484_R1.fastq.gz
ERR4812517	/n/data1/hms/dbmi/farhat/rollingDB/fastq_db/ERR4812517/ERR4812517_R2.fastq.gz	/n/data1/hms/dbmi/farhat/rollingDB/fastq_db/ERR4812517/ERR4812517_R1.fastq.gz
ERR8699190	/n/data1/hms/dbmi/farhat/rollingDB/fastq_db/ERR8699190/ERR8699190_R1.fastq.gz	/n/data1/hms/dbmi/farhat/rollingDB/fastq_db/ERR8699190/ERR8699190_R2.fastq.gz
ERR4813877	/n/data1/hms/dbmi/farhat/rollingDB/fastq_db/ERR4813877/ERR4813877_R2.fastq.gz	/n/data1/hms/dbmi/farhat/rollingDB/fastq_db/ERR4813877/ERR4813877_R1.fastq.gz
ERR4813320	/n/data1/hms/dbmi/farhat/rollingDB/fastq_db/ERR4813320/ERR4813320_R2.fastq.gz	/n/data1/hms/dbmi/farhat/rollingDB/fastq_db/ERR4813320/ERR4813320_R1.fastq.gz
ERR369755	/n/data1/hms/dbmi/farhat/rollingDB/fastq_db/ERR369755/ERR369755_R1.fastq.gz	/n/data1/hms/dbmi/farhat/rollingDB/fastq_db/ERR369755/ERR369755_R2.fastq.gz
ERR8665818	/n/data1/hms/dbmi/farhat/rollingDB/fastq_db/ERR8665818/ERR8665818_R1.fastq.gz	/n/data1/hms/dbmi/farhat/rollingDB/fastq_db/ERR8665818/ERR8665818_R2.fastq.gz
TRL0114463	/n/data1/hms/dbmi/farhat/rollingDB/fastq_db/TRL0114463/TRL0114463_R2.fastq.gz	/n/data1/hms/dbmi/farhat/rollingDB/fastq_db/TRL0114463/TRL0114463_R1.fastq.gz
ERR2184572	/n/data1/hms/dbmi/farhat/rollingDB/fastq_db/ERR2184572/ERR2184572_R1.fastq.gz	/n/data1/hms/dbmi/farhat/rollingDB/fastq_db/ERR2184572/ERR2184572_R2.fastq.gz
Peru4936	/n/data1/hms/dbmi/farhat/rollingDB/fastq_db/Peru4936/Peru4936_R1.fastq.gz	/n/data1/hms/dbmi/farhat/rollingDB/fastq_db/Peru4936/Peru4936_R2.fastq.gz
ERR8665815	/n/data1/hms/dbmi/farhat/rollingDB/fastq_db/ERR8665815/ERR8665815_R2.fastq.gz	/n/data1/hms/dbmi/farhat/rollingDB/fastq_db/ERR8665815/ERR8665815_R1.fastq.gz
ERR4808930	/n/data1/hms/dbmi/farhat/rollingDB/fastq_db/ERR4808930/ERR4808930_R1.fastq.gz	/n/data1/hms/dbmi/farhat/rollingDB/fastq_db/ERR4808930/ERR4808930_R2.fastq.gz
ERR4813464	/n/data1/hms/dbmi/farhat/rollingDB/fastq_db/ERR4813464/ERR4813464_R1.fastq.gz	/n/data1/hms/dbmi/farhat/rollingDB/fastq_db/ERR4813464/ERR4813464_R2.fastq.gz
ERR4811717	/n/data1/hms/dbmi/farhat/rollingDB/fastq_db/ERR4811717/ERR4811717_R1.fastq.gz	/n/data1/hms/dbmi/farhat/rollingDB/fastq_db/ERR4811717/ERR4811717_R2.fastq.gz
ERR4828235	/n/data1/hms/dbmi/farhat/rollingDB/fastq_db/ERR4828235/ERR4828235_R1.fastq.gz	/n/data1/hms/dbmi/farhat/rollingDB/fastq_db/ERR4828235/ERR4828235_R2.fastq.gz
SRR2101543	/n/data1/hms/dbmi/farhat/rollingDB/fastq_db/SRR2101543/SRR2101543_R2.fastq.gz	/n/data1/hms/dbmi/farhat/rollingDB/fastq_db/SRR2101543/SRR2101543_R1.fastq.gz
IDR1500052538	/n/data1/hms/dbmi/farhat/rollingDB/fastq_db/IDR1500052538/IDR1500052538_R1.fastq.gz	/n/data1/hms/dbmi/farhat/rollingDB/fastq_db/IDR1500052538/IDR1500052538_R2.fastq.gz
C302	/n/data1/hms/dbmi/farhat/rollingDB/fastq_db/C302/C302_R2.fastq.gz	/n/data1/hms/dbmi/farhat/rollingDB/fastq_db/C302/C302_R1.fastq.gz
ERR4822371	/n/data1/hms/dbmi/farhat/rollingDB/fastq_db/ERR4822371/ERR4822371_R1.fastq.gz	/n/data1/hms/dbmi/farhat/rollingDB/fastq_db/ERR4822371/ERR4822371_R2.fastq.gz
ERR4808928	/n/data1/hms/dbmi/farhat/rollingDB/fastq_db/ERR4808928/ERR4808928_R1.fastq.gz	/n/data1/hms/dbmi/farhat/rollingDB/fastq_db/ERR4808928/ERR4808928_R2.fastq.gz
C161	/n/data1/hms/dbmi/farhat/rollingDB/fastq_db/C161/C161_R2.fastq.gz	/n/data1/hms/dbmi/farhat/rollingDB/fastq_db/C161/C161_R1.fastq.gz
ERR4828697	/n/data1/hms/dbmi/farhat/rollingDB/fastq_db/ERR4828697/ERR4828697_R2.fastq.gz	/n/data1/hms/dbmi/farhat/rollingDB/fastq_db/ERR4828697/ERR4828697_R1.fastq.gz
ERR4812740	/n/data1/hms/dbmi/farhat/rollingDB/fastq_db/ERR4812740/ERR4812740_R1.fastq.gz	/n/data1/hms/dbmi/farhat/rollingDB/fastq_db/ERR4812740/ERR4812740_R2.fastq.gz
ERR4813301	/n/data1/hms/dbmi/farhat/rollingDB/fastq_db/ERR4813301/ERR4813301_R1.fastq.gz	/n/data1/hms/dbmi/farhat/rollingDB/fastq_db/ERR4813301/ERR4813301_R2.fastq.gz
ERR4830806	/n/data1/hms/dbmi/farhat/rollingDB/fastq_db/ERR4830806/ERR4830806_R1.fastq.gz	/n/data1/hms/dbmi/farhat/rollingDB/fastq_db/ERR4830806/ERR4830806_R2.fastq.gz
ERR4822398	/n/data1/hms/dbmi/farhat/rollingDB/fastq_db/ERR4822398/ERR4822398_R2.fastq.gz	/n/data1/hms/dbmi/farhat/rollingDB/fastq_db/ERR4822398/ERR4822398_R1.fastq.gz
ERR4831991	/n/data1/hms/dbmi/farhat/rollingDB/fastq_db/ERR4831991/ERR4831991_R2.fastq.gz	/n/data1/hms/dbmi/farhat/rollingDB/fastq_db/ERR4831991/ERR4831991_R1.fastq.gz
C252	/n/data1/hms/dbmi/farhat/rollingDB/fastq_db/C252/C252_R2.fastq.gz	/n/data1/hms/dbmi/farhat/rollingDB/fastq_db/C252/C252_R1.fastq.gz
SRR2100016	/n/data1/hms/dbmi/farhat/rollingDB/fastq_db/SRR2100016/SRR2100016_R1.fastq.gz	/n/data1/hms/dbmi/farhat/rollingDB/fastq_db/SRR2100016/SRR2100016_R2.fastq.gz
Peru3027	/n/data1/hms/dbmi/farhat/rollingDB/fastq_db/Peru3027/Peru3027_R1.fastq.gz	/n/data1/hms/dbmi/farhat/rollingDB/fastq_db/Peru3027/Peru3027_R2.fastq.gz
Peru4560	/n/data1/hms/dbmi/farhat/rollingDB/fastq_db/Peru4560/Peru4560_R2.fastq.gz	/n/data1/hms/dbmi/farhat/rollingDB/fastq_db/Peru4560/Peru4560_R1.fastq.gz
ERR8975815	/n/data1/hms/dbmi/farhat/rollingDB/fastq_db/ERR8975815/ERR8975815_R1.fastq.gz	/n/data1/hms/dbmi/farhat/rollingDB/fastq_db/ERR8975815/ERR8975815_R2.fastq.gz
C402	/n/data1/hms/dbmi/farhat/rollingDB/fastq_db/C402/C402_R1.fastq.gz	/n/data1/hms/dbmi/farhat/rollingDB/fastq_db/C402/C402_R2.fastq.gz
Peru2920	/n/data1/hms/dbmi/farhat/rollingDB/fastq_db/Peru2920/Peru2920_R2.fastq.gz	/n/data1/hms/dbmi/farhat/rollingDB/fastq_db/Peru2920/Peru2920_R1.fastq.gz
ERR4796859	/n/data1/hms/dbmi/farhat/rollingDB/fastq_db/ERR4796859/ERR4796859_R1.fastq.gz	/n/data1/hms/dbmi/farhat/rollingDB/fastq_db/ERR4796859/ERR4796859_R2.fastq.gz
ERR4831838	/n/data1/hms/dbmi/farhat/rollingDB/fastq_db/ERR4831838/ERR4831838_R1.fastq.gz	/n/data1/hms/dbmi/farhat/rollingDB/fastq_db/ERR4831838/ERR4831838_R2.fastq.gz
ERR4809222	/n/data1/hms/dbmi/farhat/rollingDB/fastq_db/ERR4809222/ERR4809222_R1.fastq.gz	/n/data1/hms/dbmi/farhat/rollingDB/fastq_db/ERR4809222/ERR4809222_R2.fastq.gz
ERR4796815	/n/data1/hms/dbmi/farhat/rollingDB/fastq_db/ERR4796815/ERR4796815_R1.fastq.gz	/n/data1/hms/dbmi/farhat/rollingDB/fastq_db/ERR4796815/ERR4796815_R2.fastq.gz
ERR8975487	/n/data1/hms/dbmi/farhat/rollingDB/fastq_db/ERR8975487/ERR8975487_R1.fastq.gz	/n/data1/hms/dbmi/farhat/rollingDB/fastq_db/ERR8975487/ERR8975487_R2.fastq.gz
Peru2949	/n/data1/hms/dbmi/farhat/rollingDB/fastq_db/Peru2949/Peru2949_R2.fastq.gz	/n/data1/hms/dbmi/farhat/rollingDB/fastq_db/Peru2949/Peru2949_R1.fastq.gz
ERR4822540	/n/data1/hms/dbmi/farhat/rollingDB/fastq_db/ERR4822540/ERR4822540_R2.fastq.gz	/n/data1/hms/dbmi/farhat/rollingDB/fastq_db/ERR4822540/ERR4822540_R1.fastq.gz
ERR4810670	/n/data1/hms/dbmi/farhat/rollingDB/fastq_db/ERR4810670/ERR4810670_R2.fastq.gz	/n/data1/hms/dbmi/farhat/rollingDB/fastq_db/ERR4810670/ERR4810670_R1.fastq.gz
ERR4812842	/n/data1/hms/dbmi/farhat/rollingDB/fastq_db/ERR4812842/ERR4812842_R2.fastq.gz	/n/data1/hms/dbmi/farhat/rollingDB/fastq_db/ERR4812842/ERR4812842_R1.fastq.gz
NLA000016985	/n/data1/hms/dbmi/farhat/rollingDB/fastq_db/NLA000016985/NLA000016985_R1.fastq.gz	/n/data1/hms/dbmi/farhat/rollingDB/fastq_db/NLA000016985/NLA000016985_R2.fastq.gz
PE225_S72	/n/data1/hms/dbmi/farhat/rollingDB/fastq_db/PE225_S72/PE225_S72_R2.fastq.gz	/n/data1/hms/dbmi/farhat/rollingDB/fastq_db/PE225_S72/PE225_S72_R1.fastq.gz
ERR8665612	/n/data1/hms/dbmi/farhat/rollingDB/fastq_db/ERR8665612/ERR8665612_R2.fastq.gz	/n/data1/hms/dbmi/farhat/rollingDB/fastq_db/ERR8665612/ERR8665612_R1.fastq.gz
ERR400325	/n/data1/hms/dbmi/farhat/rollingDB/fastq_db/ERR400325/ERR400325_R1.fastq.gz	/n/data1/hms/dbmi/farhat/rollingDB/fastq_db/ERR400325/ERR400325_R2.fastq.gz
ERR4808915	/n/data1/hms/dbmi/farhat/rollingDB/fastq_db/ERR4808915/ERR4808915_R1.fastq.gz	/n/data1/hms/dbmi/farhat/rollingDB/fastq_db/ERR4808915/ERR4808915_R2.fastq.gz
ERR4829579	/n/data1/hms/dbmi/farhat/rollingDB/fastq_db/ERR4829579/ERR4829579_R1.fastq.gz	/n/data1/hms/dbmi/farhat/rollingDB/fastq_db/ERR4829579/ERR4829579_R2.fastq.gz
ERR4811356	/n/data1/hms/dbmi/farhat/rollingDB/fastq_db/ERR4811356/ERR4811356_R2.fastq.gz	/n/data1/hms/dbmi/farhat/rollingDB/fastq_db/ERR4811356/ERR4811356_R1.fastq.gz
ERR4822491	/n/data1/hms/dbmi/farhat/rollingDB/fastq_db/ERR4822491/ERR4822491_R2.fastq.gz	/n/data1/hms/dbmi/farhat/rollingDB/fastq_db/ERR4822491/ERR4822491_R1.fastq.gz
GA050-131	/n/data1/hms/dbmi/farhat/rollingDB/fastq_db/GA050-131/GA050-131_R2.fastq.gz	/n/data1/hms/dbmi/farhat/rollingDB/fastq_db/GA050-131/GA050-131_R1.fastq.gz
ERR4809325	/n/data1/hms/dbmi/farhat/rollingDB/fastq_db/ERR4809325/ERR4809325_R1.fastq.gz	/n/data1/hms/dbmi/farhat/rollingDB/fastq_db/ERR4809325/ERR4809325_R2.fastq.gz
ERR4797149	/n/data1/hms/dbmi/farhat/rollingDB/fastq_db/ERR4797149/ERR4797149_R2.fastq.gz	/n/data1/hms/dbmi/farhat/rollingDB/fastq_db/ERR4797149/ERR4797149_R1.fastq.gz
ERR369600	/n/data1/hms/dbmi/farhat/rollingDB/fastq_db/ERR369600/ERR369600_R2.fastq.gz	/n/data1/hms/dbmi/farhat/rollingDB/fastq_db/ERR369600/ERR369600_R1.fastq.gz
ERR4828420	/n/data1/hms/dbmi/farhat/rollingDB/fastq_db/ERR4828420/ERR4828420_R1.fastq.gz	/n/data1/hms/dbmi/farhat/rollingDB/fastq_db/ERR4828420/ERR4828420_R2.fastq.gz
S0262-02_S61	/n/data1/hms/dbmi/farhat/rollingDB/fastq_db/S0262-02_S61/S0262-02_S61_R1.fastq.gz	/n/data1/hms/dbmi/farhat/rollingDB/fastq_db/S0262-02_S61/S0262-02_S61_R2.fastq.gz
01-R1169_TGACCA_L001	/n/data1/hms/dbmi/farhat/rollingDB/fastq_db/01-R1169_TGACCA_L001/01-R1169_TGACCA_L001_R1.fastq.gz	/n/data1/hms/dbmi/farhat/rollingDB/fastq_db/01-R1169_TGACCA_L001/01-R1169_TGACCA_L001_R2.fastq.gz
SRR2100929	/n/data1/hms/dbmi/farhat/rollingDB/fastq_db/SRR2100929/SRR2100929_R2.fastq.gz	/n/data1/hms/dbmi/farhat/rollingDB/fastq_db/SRR2100929/SRR2100929_R1.fastq.gz
Peru5019	/n/data1/hms/dbmi/farhat/rollingDB/fastq_db/Peru5019/Peru5019_R1.fastq.gz	/n/data1/hms/dbmi/farhat/rollingDB/fastq_db/Peru5019/Peru5019_R2.fastq.gz
ERR4797766	/n/data1/hms/dbmi/farhat/rollingDB/fastq_db/ERR4797766/ERR4797766_R2.fastq.gz	/n/data1/hms/dbmi/farhat/rollingDB/fastq_db/ERR4797766/ERR4797766_R1.fastq.gz
Peru5113	/n/data1/hms/dbmi/farhat/rollingDB/fastq_db/Peru5113/Peru5113_R2.fastq.gz	/n/data1/hms/dbmi/farhat/rollingDB/fastq_db/Peru5113/Peru5113_R1.fastq.gz
ERR038271	/n/data1/hms/dbmi/farhat/rollingDB/fastq_db/ERR038271/ERR038271_R1.fastq.gz	/n/data1/hms/dbmi/farhat/rollingDB/fastq_db/ERR038271/ERR038271_R2.fastq.gz
SRR2101626	/n/data1/hms/dbmi/farhat/rollingDB/fastq_db/SRR2101626/SRR2101626_R1.fastq.gz	/n/data1/hms/dbmi/farhat/rollingDB/fastq_db/SRR2101626/SRR2101626_R2.fastq.gz
SRR1173704	/n/data1/hms/dbmi/farhat/rollingDB/fastq_db/SRR1173704/SRR1173704_R1.fastq.gz	/n/data1/hms/dbmi/farhat/rollingDB/fastq_db/SRR1173704/SRR1173704_R2.fastq.gz
PE21_COW4699A81_cat	/n/data1/hms/dbmi/farhat/rollingDB/fastq_db/PE21_COW4699A81_cat/PE21_COW4699A81_cat_R1.fastq.gz	/n/data1/hms/dbmi/farhat/rollingDB/fastq_db/PE21_COW4699A81_cat/PE21_COW4699A81_cat_R2.fastq.gz
ERR4810696	/n/data1/hms/dbmi/farhat/rollingDB/fastq_db/ERR4810696/ERR4810696_R2.fastq.gz	/n/data1/hms/dbmi/farhat/rollingDB/fastq_db/ERR4810696/ERR4810696_R1.fastq.gz
ERR4812294	/n/data1/hms/dbmi/farhat/rollingDB/fastq_db/ERR4812294/ERR4812294_R1.fastq.gz	/n/data1/hms/dbmi/farhat/rollingDB/fastq_db/ERR4812294/ERR4812294_R2.fastq.gz
ERR4812879	/n/data1/hms/dbmi/farhat/rollingDB/fastq_db/ERR4812879/ERR4812879_R2.fastq.gz	/n/data1/hms/dbmi/farhat/rollingDB/fastq_db/ERR4812879/ERR4812879_R1.fastq.gz
ERR4830337	/n/data1/hms/dbmi/farhat/rollingDB/fastq_db/ERR4830337/ERR4830337_R1.fastq.gz	/n/data1/hms/dbmi/farhat/rollingDB/fastq_db/ERR4830337/ERR4830337_R2.fastq.gz
Peru4473	/n/data1/hms/dbmi/farhat/rollingDB/fastq_db/Peru4473/Peru4473_R2.fastq.gz	/n/data1/hms/dbmi/farhat/rollingDB/fastq_db/Peru4473/Peru4473_R1.fastq.gz
ERR4829903	/n/data1/hms/dbmi/farhat/rollingDB/fastq_db/ERR4829903/ERR4829903_R1.fastq.gz	/n/data1/hms/dbmi/farhat/rollingDB/fastq_db/ERR4829903/ERR4829903_R2.fastq.gz
Peru4681	/n/data1/hms/dbmi/farhat/rollingDB/fastq_db/Peru4681/Peru4681_R2.fastq.gz	/n/data1/hms/dbmi/farhat/rollingDB/fastq_db/Peru4681/Peru4681_R1.fastq.gz
ERR5917767	/n/data1/hms/dbmi/farhat/rollingDB/fastq_db/ERR5917767/ERR5917767_R1.fastq.gz	/n/data1/hms/dbmi/farhat/rollingDB/fastq_db/ERR5917767/ERR5917767_R2.fastq.gz
SRR2100038	/n/data1/hms/dbmi/farhat/rollingDB/fastq_db/SRR2100038/SRR2100038_R2.fastq.gz	/n/data1/hms/dbmi/farhat/rollingDB/fastq_db/SRR2100038/SRR2100038_R1.fastq.gz
Peru4575	/n/data1/hms/dbmi/farhat/rollingDB/fastq_db/Peru4575/Peru4575_R2.fastq.gz	/n/data1/hms/dbmi/farhat/rollingDB/fastq_db/Peru4575/Peru4575_R1.fastq.gz
ERR4811317	/n/data1/hms/dbmi/farhat/rollingDB/fastq_db/ERR4811317/ERR4811317_R1.fastq.gz	/n/data1/hms/dbmi/farhat/rollingDB/fastq_db/ERR4811317/ERR4811317_R2.fastq.gz
SRR2100949	/n/data1/hms/dbmi/farhat/rollingDB/fastq_db/SRR2100949/SRR2100949_R1.fastq.gz	/n/data1/hms/dbmi/farhat/rollingDB/fastq_db/SRR2100949/SRR2100949_R2.fastq.gz
